{
  "scaler_mean": [
    282.90122572815534,
    73.4733373786408,
    54.23172330097089,
    181.35067961165043,
    6.180358009708734,
    971.4462257281564,
    774.1367961165049,
    44.484223300970875
  ],
  "scaler_std": [
    106.07188313966012,
    85.03575808767987,
    63.90416320699005,
    21.72656072185065,
    5.909663669255842,
    78.33681504695907,
    81.42298704808246,
    61.97599553811496
  ],
  "W1": [
    [
      0.13461743340446503,
      0.0710210681629755,
      0.7357212816453409,
      1.444364217028853,
      0.5069617275198134,
      -0.20888474290524478,
      1.8420673281254216,
      0.6054628489318228,
      0.7059356622279325,
      0.06910950725257765,
      -1.6425628457836785,
      -0.3635631122414963,
      -0.3756372300312351,
      -1.8321259246643544,
      -0.5179414949815164,
      0.029194276012120306
    ],
    [
      -0.9435403435485522,
      0.4268798854019623,
      -0.8848135930402228,
      -0.8459174570601777,
      1.6859812478648766,
      -0.052198697822247585,
      0.9574848932365384,
      -1.1530180020069984,
      -0.08916430087531077,
      0.013209907387129143,
      -1.6858449631302408,
      0.012835737603749764,
      -0.9883562644190664,
      -0.4471514698933808,
      0.3549048674822419,
      0.8889330838599935
    ],
    [
      -0.04300151872963502,
      -0.8577747661591313,
      1.4659120595537247,
      -0.6546102780708152,
      -0.5195209180233624,
      -1.1854136409668188,
      -0.40218965047938404,
      -0.1521165964865468,
      1.482863989652755,
      -0.3250625252813089,
      -0.5655023129684458,
      0.09192972459100579,
      -1.590730101397778,
      -0.2301648282563162,
      -0.12807126800982307,
      0.30910482977075127
    ],
    [
      0.4012733460862774,
      -1.2001776121508057,
      -0.46114190254395,
      -0.682966251214655,
      -0.002529027955986705,
      -0.0625297231561876,
      0.3076149885998029,
      1.2672552043854448,
      -1.0436991881624735,
      -0.01989902070213899,
      -0.08993840260014256,
      0.6858983991099913,
      -0.09991474181868462,
      1.2141941422294038,
      -1.4643948181761801,
      -0.892851753920917
    ],
    [
      0.7481063792069399,
      0.7991276050983116,
      -0.11125971088483612,
      0.25156106361364194,
      0.3085267870850478,
      -0.5242980898084827,
      -0.44186935872065236,
      1.0838344356529346,
      0.08624276305442873,
      1.4432854949267429,
      -1.7462254069772651,
      0.37008259569009705,
      0.051365048493616144,
      0.08199966295972609,
      0.0741820627180542,
      -1.2682088118404102
    ],
    [
      0.00018714350990520586,
      -0.09425046372866988,
      0.7781393773445953,
      -0.6897339250087006,
      -1.4955492823395593,
      -0.6942546923033376,
      0.6489445240798256,
      0.29312002531860754,
      0.4908098240496512,
      0.2635033075611726,
      0.6774795096597953,
      0.11787015329327111,
      -0.7751257048819178,
      0.17537044377673683,
      -0.9259590930908184,
      -0.8033575938910121
    ],
    [
      -0.014210593242462566,
      0.5464492315246092,
      -0.03145078104695445,
      0.32611376026062383,
      -0.253681221786267,
      -0.1311239754862422,
      -0.0680808898932024,
      -0.2214531383185167,
      0.19433488210913327,
      1.2705450069619058,
      0.8872586737484712,
      -0.03550621696821264,
      0.706841318933754,
      0.21465472755646403,
      -0.7147812150159745,
      -0.4057973367501639
    ],
    [
      -0.2788708710621547,
      0.7129694065964686,
      -0.14869637149790904,
      0.3550260798237515,
      0.40940617926813655,
      -1.5886492592164723,
      0.599612323662067,
      0.4584613582346832,
      0.612233101143719,
      -0.3428175767744933,
      0.2101725512434468,
      -2.7029030225169173,
      0.13245109702160163,
      0.9698050375860361,
      -1.3888773170250293,
      -0.7100536316917585
    ]
  ],
  "b1": [
    0.2857536848977213,
    1.586394156756802,
    -0.44627650745354186,
    0.2679956272207997,
    -0.09920832873450101,
    -0.3124357055569096,
    -0.5258540086014577,
    -0.07906241883804763,
    0.5589461747968992,
    0.24209832624762948,
    -0.7455538409611152,
    -0.3171260099962049,
    -0.4469889782170409,
    0.02777087959154315,
    0.2737467880723083,
    -0.33629756118102416
  ],
  "W2": [
    [
      0.02033878552266679,
      0.7607423756284422,
      -0.654098024325075,
      0.2431448131268954,
      -0.884782322602524,
      -0.19389588802322424,
      -0.4161865632200168,
      0.3025833332363254
    ],
    [
      -0.05240384071060435,
      0.581117871148735,
      1.5907839764315899,
      -0.6104126687410489,
      0.10031649029192488,
      0.3599206990973607,
      -0.6020240447419468,
      0.6339685382400134
    ],
    [
      0.6818471528362211,
      1.385613142088114,
      -0.05258457821520743,
      -1.010743359106298,
      0.3080025426501769,
      0.10969987243126816,
      0.03575622834355416,
      -0.7094471398875671
    ],
    [
      -0.8702308350289966,
      0.5795453923296937,
      0.3398629891733314,
      -0.10487566747433465,
      1.0609281172086384,
      -0.2248867131345645,
      -0.4222173106490445,
      0.980662978096474
    ],
    [
      -0.5233939440132581,
      0.2867057116343762,
      0.6823358548308668,
      0.19760287047521014,
      1.5540775369005981,
      0.9639020623501556,
      0.6146168473788507,
      1.0526740201238662
    ],
    [
      0.19609139185984864,
      0.7561224380269445,
      -1.326527024634231,
      -0.32575171557190874,
      -0.9164770118240325,
      0.048640435121713156,
      0.14433331617747544,
      0.5009789424928766
    ],
    [
      0.5071389684186337,
      0.8602730695954456,
      0.8360845361337604,
      1.277665649909904,
      0.65763286955963,
      -1.247193955088613,
      -0.29545466516235414,
      0.013335941263277416
    ],
    [
      -1.168722920892769,
      -0.06623934870117068,
      1.0297060467402965,
      -0.24731931661307593,
      -0.7779661125485133,
      -0.6855184046375963,
      -0.23468910515119928,
      -0.13983623395087436
    ],
    [
      0.4512887304165145,
      -0.8144992181255802,
      0.5686638515065356,
      0.7509032016458658,
      -0.10592475076695237,
      1.6419885756599313,
      -0.0014513396355363823,
      -0.33437293562088816
    ],
    [
      -0.3510922232363169,
      0.9070505592277949,
      0.2573122795950667,
      0.8507153480244127,
      -0.5312198682576369,
      -1.2969226147548378,
      0.14548583985403804,
      -0.23703392413447272
    ],
    [
      1.2868804819383368,
      2.1516407946619793,
      -0.47124183889382554,
      1.3979990611622477,
      -0.29949111608868073,
      0.7299424122534072,
      -0.11742060598827006,
      0.7012482360570413
    ],
    [
      -0.2691122342623484,
      1.1099488949218592,
      -1.6950997917533468,
      1.0762353141944934,
      1.0214260393742836,
      -0.9605226146694439,
      0.1990247396050145,
      -1.0786274848594504
    ],
    [
      -0.6602976551289683,
      0.8387429912369042,
      0.31637271513909454,
      -1.3236714865389394,
      -0.49513829148977107,
      0.8931847886940102,
      -0.2540855078398983,
      -0.6775526797830164
    ],
    [
      0.16400196122411342,
      0.36449014234277494,
      0.30834842837767373,
      -0.6015757445252262,
      -1.7927109730946806,
      -1.0151858896907473,
      -0.2749766909826712,
      0.4335915968410493
    ],
    [
      0.8656831372259626,
      0.5820677925754797,
      -0.8475311055853776,
      -0.6371789376705962,
      -1.16935389860455,
      -0.5110531645016876,
      -0.2087591981814613,
      -0.34495816060619255
    ],
    [
      0.701209898611649,
      0.3867174214655174,
      -0.9777825053868594,
      0.47235200231383123,
      0.9096160324903466,
      0.3608644109114682,
      -0.6254954175860064,
      -0.3205615516639348
    ]
  ],